match_no,,Player,Team,Opp_Team,,,,Role,,,Dream11_ Points
1,,MS Dhoni,CSK,MI,,,,WK,,,20
1,,Watson,CSK,MI,,,,BAT,,,17
1,,Rayudu,CSK,MI,,,,BAT,,,95
1,,Du Plesis,CSK,MI,,,,BAT,,,100
1,,Vijay,CSK,MI,,,,BAT,,,5
1,,Jadeja,CSK,MI,,,,ALL,,,62
1,,Sam Curran,CSK,MI,,,,ALL,,,68
1,,Piyush Chawla,CSK,MI,,,,BALL,,,31
1,,Deepak Chahar,CSK,MI,,,,BALL,,,54
1,,Ngidi,CSK,MI,,,,BALL,,,77
1,,Jadhav,CSK,MI,,,,BAT,,,4
1,,Rohit Sharma,MI,CSK,,,,BAT,,,18
1,,De Kock,MI,CSK,,,,WK,,,42
1,,S.Yadav,MI,CSK,,,,BAT,,,23
1,,Saurabh Tiwary,MI,CSK,,,,BAT,,,51
1,,Hardik Pandya,MI,CSK,,,,ALL,,,22
1,,Kieron Pollard,MI,CSK,,,,ALL,,,25
1,,Krunal Pandya,MI,CSK,,,,ALL,,,30
1,,Pattinson,MI,CSK,,,,BALL,,,50
1,,Rahul Chahar,MI,CSK,,,,BALL,,,37
1,,Boult,MI,CSK,,,,BALL,,,29
1,,Bumrah,MI,CSK,,,,BALL,,,30
2,,P.Shaw,DC,KXIP,,,,BAT,,,26
2,,Shikhar Dhawan,DC,KXIP,,,,BAT,,,2
2,,Hetmeyer,DC,KXIP,,,,BAT,,,16
2,,Shreyas Iyer,DC,KXIP,,,,BAT,,,57
2,,Rishabh Pant,DC,KXIP,,,,WK,,,47
2,,Marcus Stoinis,DC,KXIP,,,,ALL,,,126
2,,Axar Patel,DC,KXIP,,,,ALL,,,41
2,,Ashwin,DC,KXIP,,,,BALL,,,58
2,,Rabada,DC,KXIP,,,,BALL,,,62
2,,Nortje,DC,KXIP,,,,BALL,,,7
2,,Mohit Sharma,DC,KXIP,,,,BALL,,,23
2,,KL Rahul,KXIP,DC,,,,WK,,,49
2,,Mayank Agarwal,KXIP,DC,,,,BAT,,,124
2,,Karun Nair,KXIP,DC,,,,BAT,,,5
2,,Nicolas Pooran,KXIP,DC,,,,WK,,,8
2,,Glenn Maxwell,KXIP,DC,,,,ALL,,,5
2,,Sarfaraz Khan,KXIP,DC,,,,BAT,,,18
2,,Gowtham,KXIP,DC,,,,ALL,,,31
2,,Chris Jordan,KXIP,DC,,,,BALL,,,19
2,,Mohammed Shami,KXIP,DC,,,,BALL,,,93
2,,Sheldon Cottrell,KXIP,DC,,,,BALL,,,56
2,,Ravi Bishnoi,KXIP,DC,,,,BALL,,,31
3,,Aaron Finch,RCB,SRH,,,,BAT,,,38
3,,Devdutt Padikkal,RCB,SRH,,,,BAT,,,76
3,,Virat Kohli,RCB,SRH,,,,BAT,,,34
3,,AB de Villiers,RCB,SRH,,,,BAT,,,71
3,,Josh Phillipe,RCB,SRH,,,,WK,,,11
3,,Shivam Dube,RCB,SRH,,,,ALL,,,63
3,,Umesh Yadav,RCB,SRH,,,,BALL,,,16
3,,W Sundar,RCB,SRH,,,,ALL,,,4
3,,Navdeep Saini,RCB,SRH,,,,BALL,,,62
3,,Dale Steyn,RCB,SRH,,,,BALL,,,27
3,,Y Chahal,RCB,SRH,,,,BALL,,,83
3,,Warner,SRH,RCB,,,,BAT,,,11
3,,Bairstow,SRH,RCB,,,,WK,,,101
3,,Manish Pandey,SRH,RCB,,,,BAT,,,49
3,,Vijay Shankar,SRH,RCB,,,,ALL,,,27
3,,Mitchell Marsh,SRH,RCB,,,,ALL,,,2
3,,Priyam Garg,SRH,RCB,,,,BAT,,,17
3,,Abhishek Sharma,SRH,RCB,,,,BAT,,,37
3,,Rashid Khan,SRH,RCB,,,,BALL,,,19
3,,Bhuvaneshwar Kumar,SRH,RCB,,,,BALL,,,4
3,,Sandeep Sharma,SRH,RCB,,,,BALL,,,12
3,,Natarajan,SRH,RCB,,,,BALL,,,32
4,,Yashasvi Jaiswal,RR,CSK,,,,BAT,,,11
4,,Steve Smith,RR,CSK,,,,BAT,,,93
4,,Sanju Samson,RR,CSK,,,,WK,,,145
4,,David Miller,RR,CSK,,,,BAT,,,2
4,,Robin Uthappa,RR,CSK,,,,BAT,,,9
4,,Rahul Tewatia,RR,CSK,,,,ALL,,,88
4,,Riyag Parag,RR,CSK,,,,ALL,,,11
4,,Tom Curran,RR,CSK,,,,BALL,,,42
4,,Jofra Archer,RR,CSK,,,,BALL,,,64
4,,Shreyas Gopal,RR,CSK,,,,BALL,,,27
4,,Jaydev Unadkat,RR,CSK,,,,BALL,,,0
4,,MS Dhoni,CSK,RR,,,,WK,,,47
4,,Watson,CSK,RR,,,,BAT,,,46
4,,Rituraj Gaikwad,CSK,RR,,,,BAT,,,8
4,,Du Plesis,CSK,RR,,,,BAT,,,107
4,,Vijay,CSK,RR,,,,BAT,,,28
4,,Jadeja,CSK,RR,,,,ALL,,,3
4,,Sam Curran,CSK,RR,,,,ALL,,,101
4,,Piyush Chawla,CSK,RR,,,,BALL,,,23
4,,Deepak Chahar,CSK,RR,,,,BALL,,,45
4,,Ngidi,CSK,RR,,,,BALL,,,23
4,,Jadhav,CSK,RR,,,,BAT,,,43
5,,Rohit Sharma,MI,KKR,,,,BAT,,,107
5,,De Kock,MI,KKR,,,,WK,,,33
5,,S.Yadav,MI,KKR,,,,BAT,,,59
5,,Saurabh Tiwary,MI,KKR,,,,BAT,,,28
5,,Hardik Pandya,MI,KKR,,,,ALL,,,50
5,,Kieron Pollard,MI,KKR,,,,ALL,,,51
5,,Krunal Pandya,MI,KKR,,,,ALL,,,5
5,,Pattinson,MI,KKR,,,,BALL,,,54
5,,Rahul Chahar,MI,KKR,,,,BALL,,,54
5,,Boult,MI,KKR,,,,BALL,,,62
5,,Bumrah,MI,KKR,,,,BALL,,,54
5,,Sunil Narine,KKR,MI,,,,ALL,,,48
5,,Shubman Gill,KKR,MI,,,,BAT,,,10
5,,Nitish Rana,KKR,MI,,,,ALL,,,32
5,,Eoin Morgan,KKR,MI,,,,BAT,,,29
5,,Dinesh Karthik,KKR,MI,,,,WK,,,39
5,,Andre Russell,KKR,MI,,,,ALL,,,42
5,,Nikhil Naik,KKR,MI,,,,BAT,,,13
5,,Pat Cummins,KKR,MI,,,,BALL,,,56
5,,Kuldeep Yadav,KKR,MI,,,,BALL,,,3
5,,Sandeep Warrier,KKR,MI,,,,BALL,,,-2
5,,Shivam Mavi,KKR,MI,,,,BALL,,,72
6,,KL Rahul,KXIP,RCB,,,,WK,,,180
6,,Mayank Agarwal,KXIP,RCB,,,,BAT,,,42
6,,Nicolas Pooran,KXIP,RCB,,,,WK,,,22
6,,Glenn Maxwell,KXIP,RCB,,,,ALL,,,36
6,,Karun Nair,KXIP,RCB,,,,BAT,,,21
6,,Sarfaraz Khan,KXIP,RCB,,,,BAT,,,12
6,,James Neesham,KXIP,RCB,,,,ALL,,,4
6,,Murugan Ashwin,KXIP,RCB,,,,BALL,,,79
6,,Mohammed Shami,KXIP,RCB,,,,BALL,,,33
6,,Sheldon Cottrell,KXIP,RCB,,,,BALL,,,56
6,,Ravi Bishnoi,KXIP,RCB,,,,BALL,,,95
6,,Aaron Finch,RCB,KXIP,,,,BAT,,,35
6,,Devdutt Padikkal,RCB,KXIP,,,,BAT,,,5
6,,Virat Kohli,RCB,KXIP,,,,BAT,,,5
6,,AB de Villiers,RCB,KXIP,,,,BAT,,,46
6,,Josh Phillipe,RCB,KXIP,,,,WK,,,2
6,,Shivam Dube,RCB,KXIP,,,,ALL,,,64
6,,Umesh Yadav,RCB,KXIP,,,,BALL,,,-2
6,,W Sundar,RCB,KXIP,,,,ALL,,,38
6,,Navdeep Saini,RCB,KXIP,,,,BALL,,,9
6,,Dale Steyn,RCB,KXIP,,,,BALL,,,-1
6,,Y Chahal,RCB,KXIP,,,,BALL,,,30
7,,MS Dhoni,CSK,DC,,,,WK,,,41
7,,Watson,CSK,DC,,,,BAT,,,21
7,,Rituraj Gaikwad,CSK,DC,,,,BAT,,,5
7,,Du Plesis,CSK,DC,,,,BAT,,,51
7,,Vijay,CSK,DC,,,,BAT,,,13
7,,Jadeja,CSK,DC,,,,ALL,,,13
7,,Sam Curran,CSK,DC,,,,ALL,,,30
7,,Piyush Chawla,CSK,DC,,,,BALL,,,54
7,,Deepak Chahar,CSK,DC,,,,BALL,,,2
7,,Josh Hazlewood,CSK,DC,,,,BALL,,,4
7,,Jadhav,CSK,DC,,,,BAT,,,33
7,,P.Shaw,DC,CSK,,,,BAT,,,87
7,,Shikhar Dhawan,DC,CSK,,,,BAT,,,44
7,,Hetmeyer,DC,CSK,,,,BAT,,,12
7,,Shreyas Iyer,DC,CSK,,,,BAT,,,31
7,,Rishabh Pant,DC,CSK,,,,WK,,,68
7,,Marcus Stoinis,DC,CSK,,,,ALL,,,10
7,,Axar Patel,DC,CSK,,,,ALL,,,39
7,,Amit Mishra,DC,CSK,,,,BALL,,,14
7,,Rabada,DC,CSK,,,,BALL,,,87
7,,Nortje,DC,CSK,,,,BALL,,,56
7,,Avesh Khan,DC,CSK,,,,BALL,,,0
8,,Warner,SRH,KKR,,,,BAT,,,52
8,,Bairstow,SRH,KKR,,,,WK,,,5
8,,Manish Pandey,SRH,KKR,,,,BAT,,,70
8,,W Saha,SRH,KKR,,,,WK,,,45
8,,Mohammed Nabi,SRH,KKR,,,,ALL,,,19
8,,Priyam Garg,SRH,KKR,,,,BAT,,,4
8,,Abhishek Sharma,SRH,KKR,,,,BAT,,,6
8,,Rashid Khan,SRH,KKR,,,,BALL,,,29
8,,Bhuvaneshwar Kumar,SRH,KKR,,,,BALL,,,2
8,,Khaleel Ahmed,SRH,KKR,,,,BALL,,,27
8,,Natarajan,SRH,KKR,,,,BALL,,,27
8,,Sunil Narine,KKR,SRH,,,,ALL,,,2
8,,Shubman Gill,KKR,SRH,,,,BAT,,,91
8,,Nitish Rana,KKR,SRH,,,,ALL,,,36
8,,Eoin Morgan,KKR,SRH,,,,BAT,,,53
8,,Dinesh Karthik,KKR,SRH,,,,WK,,,8
8,,Andre Russell,KKR,SRH,,,,ALL,,,37
8,,Kamlesh Nagarkoti,KKR,SRH,,,,BALL,,,4
8,,Pat Cummins,KKR,SRH,,,,BALL,,,39
8,,Kuldeep Yadav,KKR,SRH,,,,BALL,,,4
8,,Varun Chakravarthy,KKR,SRH,,,,BALL,,,37
8,,Shivam Mavi,KKR,SRH,,,,BALL,,,4
9,,Jos Butler,RR,KXIP,,,,WK,,,8
9,,Steve Smith,RR,KXIP,,,,BAT,,,73
9,,Sanju Samson,RR,KXIP,,,,WK,,,123
9,,Robin Uthappa,RR,KXIP,,,,BAT,,,15
9,,Rahul Tewatia,RR,KXIP,,,,ALL,,,79
9,,Riyag Parag,RR,KXIP,,,,ALL,,,2
9,,Tom Curran,RR,KXIP,,,,BALL,,,30
9,,Jofra Archer,RR,KXIP,,,,BALL,,,15
9,,Shreyas Gopal,RR,KXIP,,,,BALL,,,8
9,,Jaydev Unadkat,RR,KXIP,,,,BALL,,,2
9,,Ankit Rajpoot,RR,KXIP,,,,BALL,,,27
9,,KL Rahul,KXIP,RR,,,,WK,,,98
9,,Mayank Agarwal,KXIP,RR,,,,BAT,,,158
9,,Nicolas Pooran,KXIP,RR,,,,WK,,,44
9,,Glenn Maxwell,KXIP,RR,,,,ALL,,,17
9,,Karun Nair,KXIP,RR,,,,BAT,,,4
9,,Sarfaraz Khan,KXIP,RR,,,,BAT,,,12
9,,James Neesham,KXIP,RR,,,,ALL,,,27
9,,Murugan Ashwin,KXIP,RR,,,,BALL,,,29
9,,Mohammed Shami,KXIP,RR,,,,BALL,,,81
9,,Sheldon Cottrell,KXIP,RR,,,,BALL,,,23
9,,Ravi Bishnoi,KXIP,RR,,,,BALL,,,4
10,,Devdutt Padikkal,RCB,MI,,,,BAT,,,83
10,,Aaron Finch,RCB,MI,,,,BAT,,,73
10,,Virat Kohli,RCB,MI,,,,BAT,,,1
10,,AB de Villiers,RCB,MI,,,,WK,,,87
10,,Shivam Dube,RCB,MI,,,,ALL,,,38
10,,W Sundar,RCB,MI,,,,ALL,,,35
10,,Isuru Udana,RCB,MI,,,,BALL,,,48
10,,Gurkeerat Singh,RCB,MI,,,,ALL,,,4
10,,Navdeep Saini,RCB,MI,,,,BALL,,,0
10,,Adam Zampa,RCB,MI,,,,BALL,,,23
10,,Y Chahal,RCB,MI,,,,BALL,,,23
10,,Rohit Sharma,MI,RCB,,,,BAT,,,22
10,,De Kock,MI,RCB,,,,WK,,,19
10,,S.Yadav,MI,RCB,,,,BAT,,,2
10,,Ishan Kishan,MI,RCB,,,,WK,,,131
10,,Hardik Pandya,MI,RCB,,,,ALL,,,21
10,,Kieron Pollard,MI,RCB,,,,ALL,,,101
10,,Krunal Pandya,MI,RCB,,,,ALL,,,4
10,,Pattinson,MI,RCB,,,,BALL,,,-2
10,,Rahul Chahar,MI,RCB,,,,BALL,,,29
10,,Boult,MI,RCB,,,,BALL,,,54
10,,Bumrah,MI,RCB,,,,BALL,,,0
11,,Warner,SRH,DC,,,,BAT,,,56
11,,Bairstow,SRH,DC,,,,WK,,,85
11,,Manish Pandey,SRH,DC,,,,BAT,,,15
11,,Kane Williamson,SRH,DC,,,,BAT,,,50
11,,Abdul Samad,SRH,DC,,,,BAT,,,27
11,,Abhishek Sharma,SRH,DC,,,,ALL,,,5
11,,Priyam Garg,SRH,DC,,,,BAT,,,12
11,,Rashid Khan,SRH,DC,,,,BALL,,,85
11,,Bhuvaneshwar Kumar,SRH,DC,,,,BALL,,,54
11,,Natarajan,SRH,DC,,,,BALL,,,29
11,,Khaleel Ahmed,SRH,DC,,,,BALL,,,25
11,,P.Shaw,DC,SRH,,,,BAT,,,6
11,,Shikhar Dhawan,DC,SRH,,,,BAT,,,42
11,,Hetmeyer,DC,SRH,,,,BAT,,,29
11,,Shreyas Iyer,DC,SRH,,,,BAT,,,23
11,,Rishabh Pant,DC,SRH,,,,WK,,,45
11,,Marcus Stoinis,DC,SRH,,,,ALL,,,16
11,,Axar Patel,DC,SRH,,,,ALL,,,17
11,,Amit Mishra,DC,SRH,,,,BALL,,,54
11,,Rabada,DC,SRH,,,,BALL,,,82
11,,Nortje,DC,SRH,,,,BALL,,,13
11,,Ishant Sharma,DC,SRH,,,,BALL,,,4
12,,Jos Butler,RR,KKR,,,,WK,,,38
12,,Steve Smith,RR,KKR,,,,BAT,,,7
12,,Sanju Samson,RR,KKR,,,,WK,,,21
12,,Robin Uthappa,RR,KKR,,,,BAT,,,6
12,,Rahul Tewatia,RR,KKR,,,,ALL,,,45
12,,Riyag Parag,RR,KKR,,,,ALL,,,13
12,,Tom Curran,RR,KKR,,,,BALL,,,97
12,,Jofra Archer,RR,KKR,,,,BALL,,,74
12,,Shreyas Gopal,RR,KKR,,,,BALL,,,5
12,,Jaydev Unadkat,RR,KKR,,,,BALL,,,46
12,,Ankit Rajpoot,RR,KKR,,,,BALL,,,36
12,,Sunil Narine,KKR,RR,,,,ALL,,,54
12,,Shubman Gill,KKR,RR,,,,BAT,,,66
12,,Nitish Rana,KKR,RR,,,,ALL,,,30
12,,Eoin Morgan,KKR,RR,,,,BAT,,,43
12,,Dinesh Karthik,KKR,RR,,,,WK,,,21
12,,Andre Russell,KKR,RR,,,,ALL,,,34
12,,Kamlesh Nagarkoti,KKR,RR,,,,BALL,,,79
12,,Pat Cummins,KKR,RR,,,,BALL,,,46
12,,Kuldeep Yadav,KKR,RR,,,,BALL,,,29
12,,Varun Chakravarthy,KKR,RR,,,,BALL,,,62
12,,Shivam Mavi,KKR,RR,,,,BALL,,,64
13,,Rohit Sharma,MI,KXIP,,,,BAT,,,96
13,,De Kock,MI,KXIP,,,,WK,,,10
13,,S.Yadav,MI,KXIP,,,,BAT,,,32
13,,Ishan Kishan,MI,KXIP,,,,WK,,,35
13,,Hardik Pandya,MI,KXIP,,,,ALL,,,41
13,,Kieron Pollard,MI,KXIP,,,,ALL,,,62
13,,Krunal Pandya,MI,KXIP,,,,ALL,,,29
13,,Pattinson,MI,KXIP,,,,BALL,,,54
13,,Rahul Chahar,MI,KXIP,,,,BALL,,,54
13,,Boult,MI,KXIP,,,,BALL,,,33
13,,Bumrah,MI,KXIP,,,,BALL,,,58
13,,KL Rahul,KXIP,MI,,,,WK,,,22
13,,Mayank Agarwal,KXIP,MI,,,,BAT,,,32
13,,Nicolas Pooran,KXIP,MI,,,,WK,,,55
13,,Glenn Maxwell,KXIP,MI,,,,ALL,,,13
13,,Karun Nair,KXIP,MI,,,,BAT,,,10
13,,Sarfaraz Khan,KXIP,MI,,,,BAT,,,12
13,,James Neesham,KXIP,MI,,,,ALL,,,13
13,,Gowtham,KXIP,MI,,,,BALL,,,49
13,,Mohammed Shami,KXIP,MI,,,,BALL,,,41
13,,Sheldon Cottrell,KXIP,MI,,,,BALL,,,39
13,,Ravi Bishnoi,KXIP,MI,,,,BALL,,,3
14,,Warner,SRH,CSK,,,,BAT,,,43
14,,Bairstow,SRH,CSK,,,,WK,,,8
14,,Manish Pandey,SRH,CSK,,,,BAT,,,38
14,,Kane Williamson,SRH,CSK,,,,BAT,,,12
14,,Abdul Samad,SRH,CSK,,,,ALL,,,41
14,,Abhishek Sharma,SRH,CSK,,,,ALL,,,41
14,,Priyam Garg,SRH,CSK,,,,BAT,,,77
14,,Rashid Khan,SRH,CSK,,,,BALL,,,10
14,,Bhuvaneshwar Kumar,SRH,CSK,,,,BALL,,,29
14,,Natarajan,SRH,CSK,,,,BALL,,,50
14,,Khaleel Ahmed,SRH,CSK,,,,BALL,,,4
14,,Watson,CSK,SRH,,,,BAT,,,5
14,,Rayudu,CSK,SRH,,,,BAT,,,19
14,,Du Plesis,CSK,SRH,,,,BAT,,,38
14,,MS Dhoni,CSK,SRH,,,,WK,,,71
14,,Jadeja,CSK,SRH,,,,ALL,,,71
14,,Sam Curran,CSK,SRH,,,,ALL,,,25
14,,Piyush Chawla,CSK,SRH,,,,BALL,,,29
14,,Deepak Chahar,CSK,SRH,,,,BALL,,,54
14,,Jadhav,CSK,SRH,,,,BAT,,,1
14,,D Bravo,CSK,SRH,,,,ALL,,,4
14,,S Thakur,CSK,SRH,,,,BALL,,,29
15,,Devdutt Padikkal,RCB,RR,,,,BAT,,,99
15,,Aaron Finch,RCB,RR,,,,BAT,,,22
15,,Virat Kohli,RCB,RR,,,,BAT,,,95
15,,AB de Villiers,RCB,RR,,,,WK,,,17
15,,Shivam Dube,RCB,RR,,,,ALL,,,4
15,,W Sundar,RCB,RR,,,,ALL,,,6
15,,Isuru Udana,RCB,RR,,,,BALL,,,58
15,,Gurkeerat Singh,RCB,RR,,,,ALL,,,4
15,,Navdeep Saini,RCB,RR,,,,BALL,,,35
15,,Adam Zampa,RCB,RR,,,,BALL,,,2
15,,Y Chahal,RCB,RR,,,,BALL,,,89
15,,Jos Butler,RR,RCB,,,,WK,,,31
15,,Steve Smith,RR,RCB,,,,BAT,,,10
15,,Sanju Samson,RR,RCB,,,,WK,,,9
15,,Robin Uthappa,RR,RCB,,,,BAT,,,22
15,,Rahul Tewatia,RR,RCB,,,,ALL,,,34
15,,Riyag Parag,RR,RCB,,,,ALL,,,21
15,,Tom Curran,RR,RCB,,,,BALL,,,-2
15,,Jofra Archer,RR,RCB,,,,BALL,,,52
15,,Shreyas Gopal,RR,RCB,,,,BALL,,,29
15,,Jaydev Unadkat,RR,RCB,,,,BALL,,,0
15,,Mahipal Lomror,RR,RCB,,,,ALL,,,58
16,,P.Shaw,DC,KKR,,,,BAT,,,90
16,,Shikhar Dhawan,DC,KKR,,,,BAT,,,44
16,,Hetmeyer,DC,KKR,,,,BAT,,,21
16,,Shreyas Iyer,DC,KKR,,,,BAT,,,119
16,,Rishabh Pant,DC,KKR,,,,WK,,,57
16,,Marcus Stoinis,DC,KKR,,,,ALL,,,24
16,,Ashwin,DC,KKR,,,,BALL,,,-2
16,,Amit Mishra,DC,KKR,,,,BALL,,,29
16,,Rabada,DC,KKR,,,,BALL,,,23
16,,Nortje,DC,KKR,,,,BALL,,,87
16,,H Patel,DC,KKR,,,,BALL,,,62
16,,Sunil Narine,KKR,DC,,,,ALL,,,1
16,,Shubman Gill,KKR,DC,,,,BAT,,,44
16,,Nitish Rana,KKR,DC,,,,ALL,,,82
16,,Eoin Morgan,KKR,DC,,,,BAT,,,67
16,,Dinesh Karthik,KKR,DC,,,,WK,,,10
16,,Andre Russell,KKR,DC,,,,ALL,,,70
16,,Kamlesh Nagarkoti,KKR,DC,,,,BALL,,,26
16,,Pat Cummins,KKR,DC,,,,BALL,,,4
16,,Rahul Tripathi,KKR,DC,,,,BAT,,,49
16,,Varun Chakravarthy,KKR,DC,,,,BALL,,,31
16,,Shivam Mavi,KKR,DC,,,,BALL,,,7
17,,Rohit Sharma,MI,SRH,,,,BAT,,,20
17,,De Kock,MI,SRH,,,,WK,,,99
17,,S.Yadav,MI,SRH,,,,BAT,,,37
17,,Ishan Kishan,MI,SRH,,,,WK,,,48
17,,Hardik Pandya,MI,SRH,,,,ALL,,,46
17,,Kieron Pollard,MI,SRH,,,,ALL,,,43
17,,Krunal Pandya,MI,SRH,,,,ALL,,,55
17,,Pattinson,MI,SRH,,,,BALL,,,54
17,,Rahul Chahar,MI,SRH,,,,BALL,,,12
17,,Boult,MI,SRH,,,,BALL,,,54
17,,Bumrah,MI,SRH,,,,BALL,,,50
17,,Warner,SRH,MI,,,,BAT,,,81
17,,Bairstow,SRH,MI,,,,WK,,,43
17,,Manish Pandey,SRH,MI,,,,BAT,,,48
17,,Kane Williamson,SRH,MI,,,,BAT,,,1
17,,Abdul Samad,SRH,MI,,,,ALL,,,23
17,,Abhishek Sharma,SRH,MI,,,,ALL,,,14
17,,Priyam Garg,SRH,MI,,,,BAT,,,12
17,,Rashid Khan,SRH,MI,,,,BALL,,,42
17,,Siddarth Kaul,SRH,MI,,,,BALL,,,48
17,,Natarajan,SRH,MI,,,,BALL,,,12
17,,Sandeep Sharma,SRH,MI,,,,BALL,,,50
18,,KL Rahul,KXIP,CSK,,,,WK,,,84
18,,Mayank Agarwal,KXIP,CSK,,,,BAT,,,33
18,,Nicolas Pooran,KXIP,CSK,,,,WK,,,44
18,,Glenn Maxwell,KXIP,CSK,,,,ALL,,,16
18,,Mandeep Singh,KXIP,CSK,,,,BAT,,,35
18,,Sarfaraz Khan,KXIP,CSK,,,,BAT,,,20
18,,Chris Jordan,KXIP,CSK,,,,ALL,,,-2
18,,H Brar,KXIP,CSK,,,,BALL,,,0
18,,Mohammed Shami,KXIP,CSK,,,,BALL,,,2
18,,Sheldon Cottrell,KXIP,CSK,,,,BALL,,,2
18,,Ravi Bishnoi,KXIP,CSK,,,,BALL,,,4
18,,Watson,CSK,KXIP,,,,BAT,,,112
18,,Rayudu,CSK,KXIP,,,,BAT,,,12
18,,Du Plesis,CSK,KXIP,,,,BAT,,,112
18,,MS Dhoni,CSK,KXIP,,,,WK,,,12
18,,Jadeja,CSK,KXIP,,,,ALL,,,37
18,,Sam Curran,CSK,KXIP,,,,ALL,,,8
18,,Piyush Chawla,CSK,KXIP,,,,BALL,,,25
18,,Deepak Chahar,CSK,KXIP,,,,BALL,,,6
18,,Jadhav,CSK,KXIP,,,,BAT,,,4
18,,D Bravo,CSK,KXIP,,,,ALL,,,2
18,,S Thakur,CSK,KXIP,,,,BALL,,,52
19,,P.Shaw,DC,RCB,,,,BAT,,,55
19,,Shikhar Dhawan,DC,RCB,,,,BAT,,,47
19,,Hetmeyer,DC,RCB,,,,BAT,,,25
19,,Shreyas Iyer,DC,RCB,,,,BAT,,,24
19,,Rishabh Pant,DC,RCB,,,,WK,,,64
19,,Marcus Stoinis,DC,RCB,,,,ALL,,,83
19,,Ashwin,DC,RCB,,,,BALL,,,37
19,,Axar Patel,DC,RCB,,,,ALL,,,58
19,,Rabada,DC,RCB,,,,BALL,,,114
19,,Nortje,DC,RCB,,,,BALL,,,56
19,,H Patel,DC,RCB,,,,BALL,,,0
19,,Devdutt Padikkal,RCB,DC,,,,BAT,,,16
19,,Aaron Finch,RCB,DC,,,,BAT,,,18
19,,Virat Kohli,RCB,DC,,,,BAT,,,51
19,,AB de Villiers,RCB,DC,,,,WK,,,23
19,,Shivam Dube,RCB,DC,,,,ALL,,,17
19,,W Sundar,RCB,DC,,,,ALL,,,26
19,,Isuru Udana,RCB,DC,,,,BALL,,,28
19,,Moeen Ali,RCB,DC,,,,ALL,,,45
19,,Navdeep Saini,RCB,DC,,,,BALL,,,11
19,,Mohammed Siraj,RCB,DC,,,,BALL,,,60
19,,Y Chahal,RCB,DC,,,,BALL,,,2
20,,Rohit Sharma,MI,RR,,,,BAT,,,63
20,,De Kock,MI,RR,,,,WK,,,56
20,,S.Yadav,MI,RR,,,,BAT,,,106
20,,Ishan Kishan,MI,RR,,,,WK,,,2
20,,Hardik Pandya,MI,RR,,,,ALL,,,46
20,,Kieron Pollard,MI,RR,,,,ALL,,,39
20,,Krunal Pandya,MI,RR,,,,ALL,,,14
20,,Pattinson,MI,RR,,,,BALL,,,56
20,,Rahul Chahar,MI,RR,,,,BALL,,,29
20,,Boult,MI,RR,,,,BALL,,,54
20,,Bumrah,MI,RR,,,,BALL,,,114
20,,Jos Butler,RR,MI,,,,WK,,,104
20,,Steve Smith,RR,MI,,,,BAT,,,11
20,,Sanju Samson,RR,MI,,,,WK,,,10
20,,Yashasvi Jaiswal,RR,MI,,,,BAT,,,2
20,,Rahul Tewatia,RR,MI,,,,ALL,,,18
20,,Mahipal Lomror,RR,MI,,,,ALL,,,16
20,,Tom Curran,RR,MI,,,,BALL,,,16
20,,Jofra Archer,RR,MI,,,,BALL,,,58
20,,Shreyas Gopal,RR,MI,,,,BALL,,,63
20,,K Tyagi,RR,MI,,,,BALL,,,27
20,,Ankit Rajpoot,RR,MI,,,,BALL,,,0
21,,Sunil Narine,KKR,CSK,,,,ALL,,,49
21,,Rahul Tripathi,KKR,CSK,,,,BAT,,,107
21,,Shubman Gill,KKR,CSK,,,,BAT,,,24
21,,Nitish Rana,KKR,CSK,,,,ALL,,,14
21,,Eoin Morgan,KKR,CSK,,,,BAT,,,18
21,,Dinesh Karthik,KKR,CSK,,,,WK,,,25
21,,Andre Russell,KKR,CSK,,,,ALL,,,29
21,,Kamlesh Nagarkoti,KKR,CSK,,,,BALL,,,29
21,,Pat Cummins,KKR,CSK,,,,BALL,,,24
21,,Varun Chakravarthy,KKR,CSK,,,,BALL,,,30
21,,Shivam Mavi,KKR,CSK,,,,BALL,,,25
21,,Watson,CSK,KKR,,,,BAT,,,78
21,,Rayudu,CSK,KKR,,,,BAT,,,37
21,,Du Plesis,CSK,KKR,,,,BAT,,,40
21,,MS Dhoni,CSK,KKR,,,,WK,,,54
21,,Jadeja,CSK,KKR,,,,ALL,,,44
21,,Sam Curran,CSK,KKR,,,,ALL,,,74
21,,Karn Sharma,CSK,KKR,,,,BALL,,,54
21,,Deepak Chahar,CSK,KKR,,,,BALL,,,-2
21,,Jadhav,CSK,KKR,,,,BAT,,,8
21,,D Bravo,CSK,KKR,,,,ALL,,,77
21,,S Thakur,CSK,KKR,,,,BALL,,,62
22,,Warner,SRH,KXIP,,,,BAT,,,85
22,,Bairstow,SRH,KXIP,,,,WK,,,136
22,,Manish Pandey,SRH,KXIP,,,,BAT,,,5
22,,Kane Williamson,SRH,KXIP,,,,BAT,,,35
22,,Abdul Samad,SRH,KXIP,,,,ALL,,,13
22,,Abhishek Sharma,SRH,KXIP,,,,ALL,,,44
22,,Priyam Garg,SRH,KXIP,,,,BAT,,,22
22,,Rashid Khan,SRH,KXIP,,,,BALL,,,93
22,,Khaleel Ahmed,SRH,KXIP,,,,BALL,,,60
22,,Natarajan,SRH,KXIP,,,,BALL,,,62
22,,Sandeep Sharma,SRH,KXIP,,,,BALL,,,4
22,,KL Rahul,KXIP,SRH,,,,WK,,,13
22,,Mayank Agarwal,KXIP,SRH,,,,BAT,,,14
22,,Nicolas Pooran,KXIP,SRH,,,,WK,,,116
22,,Glenn Maxwell,KXIP,SRH,,,,ALL,,,17
22,,Mandeep Singh,KXIP,SRH,,,,BAT,,,10
22,,Prabhsimran Singh,KXIP,SRH,,,,WK,,,17
22,,Mujeeb Rahman,KXIP,SRH,,,,BALL,,,3
22,,Arshdeep Singh,KXIP,SRH,,,,BALL,,,70
22,,Mohammed Shami,KXIP,SRH,,,,BALL,,,27
22,,Sheldon Cottrell,KXIP,SRH,,,,BALL,,,0
22,,Ravi Bishnoi,KXIP,SRH,,,,BALL,,,84
23,,P.Shaw,DC,RR,,,,BAT,,,27
23,,Shikhar Dhawan,DC,RR,,,,BAT,,,18
23,,Hetmeyer,DC,RR,,,,BAT,,,84
23,,Shreyas Iyer,DC,RR,,,,BAT,,,38
23,,Rishabh Pant,DC,RR,,,,WK,,,17
23,,Marcus Stoinis,DC,RR,,,,ALL,,,101
23,,Ashwin,DC,RR,,,,BALL,,,56
23,,Axar Patel,DC,RR,,,,ALL,,,62
23,,Rabada,DC,RR,,,,BALL,,,87
23,,Nortje,DC,RR,,,,BALL,,,29
23,,H Patel,DC,RR,,,,BALL,,,46
23,,Jos Butler,RR,DC,,,,WK,,,27
23,,Steve Smith,RR,DC,,,,BAT,,,40
23,,Sanju Samson,RR,DC,,,,WK,,,9
23,,Yashasvi Jaiswal,RR,DC,,,,BAT,,,63
23,,Rahul Tewatia,RR,DC,,,,ALL,,,98
23,,Mahipal Lomror,RR,DC,,,,ALL,,,5
23,,Andrew Tye,RR,DC,,,,BALL,,,31
23,,Jofra Archer,RR,DC,,,,BALL,,,91
23,,Shreyas Gopal,RR,DC,,,,BALL,,,0
23,,K Tyagi,RR,DC,,,,BALL,,,31
23,,Varun Aaron,RR,DC,,,,BALL,,,-1
24,,Rahul Tripathi,KKR,KXIP,,,,BAT,,,3
24,,Shubman Gill,KKR,KXIP,,,,BAT,,,82
24,,Nitish Rana,KKR,KXIP,,,,ALL,,,14
24,,Eoin Morgan,KKR,KXIP,,,,BAT,,,32
24,,Dinesh Karthik,KKR,KXIP,,,,WK,,,82
24,,Andre Russell,KKR,KXIP,,,,ALL,,,10
24,,Pat Cummins,KKR,KXIP,,,,BALL,,,9
24,,Sunil Narine,KKR,KXIP,,,,ALL,,,54
24,,Kamlesh Nagarkoti,KKR,KXIP,,,,BALL,,,-2
24,,Varun Chakravarthy,KKR,KXIP,,,,BALL,,,4
24,,Prasidh Krishna,KKR,KXIP,,,,BALL,,,79
24,,KL Rahul,KXIP,KKR,,,,WK,,,92
24,,Mayank Agarwal,KXIP,KKR,,,,BAT,,,76
24,,Nicolas Pooran,KXIP,KKR,,,,WK,,,36
24,,Prabhsimran Singh,KXIP,KKR,,,,WK,,,28
24,,Glenn Maxwell,KXIP,KKR,,,,ALL,,,24
24,,Mandeep Singh,KXIP,KKR,,,,BAT,,,8
24,,Chris Jordan,KXIP,KKR,,,,BALL,,,2
24,,Mujeeb Rahman,KXIP,KKR,,,,BALL,,,0
24,,Ravi Bishnoi,KXIP,KKR,,,,BALL,,,29
24,,Mohammed Shami,KXIP,KKR,,,,BALL,,,35
24,,Arshdeep Singh,KXIP,KKR,,,,BALL,,,37
25,,Devdutt Padikkal,RCB,CSK,,,,BAT,,,49
25,,Aaron Finch,RCB,CSK,,,,BAT,,,6
25,,Virat Kohli,RCB,CSK,,,,BAT,,,114
25,,AB de Villiers,RCB,CSK,,,,WK,,,10
25,,Shivam Dube,RCB,CSK,,,,ALL,,,30
25,,W Sundar,RCB,CSK,,,,ALL,,,68
25,,Isuru Udana,RCB,CSK,,,,BALL,,,29
25,,Chris Morris,RCB,CSK,,,,ALL,,,103
25,,Navdeep Saini,RCB,CSK,,,,BALL,,,8
25,,Gurkeerat Singh,RCB,CSK,,,,BALL,,,20
25,,Y Chahal,RCB,CSK,,,,BALL,,,29
25,,Watson,CSK,RCB,,,,BAT,,,21
25,,Du Plesis,CSK,RCB,,,,BAT,,,20
25,,Rayudu,CSK,RCB,,,,BAT,,,50
25,,Jagadeesan,CSK,RCB,,,,WK,,,41
25,,MS Dhoni,CSK,RCB,,,,WK,,,32
25,,Sam Curran,CSK,RCB,,,,ALL,,,21
25,,Jadeja,CSK,RCB,,,,ALL,,,18
25,,D Bravo,CSK,RCB,,,,ALL,,,9
25,,Deepak Chahar,CSK,RCB,,,,BALL,,,40
25,,S Thakur,CSK,RCB,,,,BALL,,,53
25,,Karn Sharma,CSK,RCB,,,,BALL,,,4
26,,Warner,SRH,RR,,,,BAT,,,59
26,,Bairstow,SRH,RR,,,,WK,,,38
26,,Manish Pandey,SRH,RR,,,,BAT,,,74
26,,Kane Williamson,SRH,RR,,,,BAT,,,30
26,,Vijay Shankar,SRH,RR,,,,ALL,,,10
26,,Abhishek Sharma,SRH,RR,,,,ALL,,,4
26,,Priyam Garg,SRH,RR,,,,BAT,,,22
26,,Rashid Khan,SRH,RR,,,,BALL,,,54
26,,Khaleel Ahmed,SRH,RR,,,,BALL,,,52
26,,Natarajan,SRH,RR,,,,BALL,,,18
26,,Sandeep Sharma,SRH,RR,,,,BALL,,,4
26,,Jos Butler,RR,SRH,,,,WK,,,29
26,,Steve Smith,RR,SRH,,,,BAT,,,9
26,,Sanju Samson,RR,SRH,,,,WK,,,41
26,,Robin Uthappa,RR,SRH,,,,BAT,,,25
26,,Rahul Tewatia,RR,SRH,,,,ALL,,,65
26,,Riyag Parag,RR,SRH,,,,ALL,,,52
26,,Ben Stokes,RR,SRH,,,,ALL,,,10
26,,Jofra Archer,RR,SRH,,,,BALL,,,35
26,,Shreyas Gopal,RR,SRH,,,,BALL,,,4
26,,K Tyagi,RR,SRH,,,,BALL,,,27
26,,Jaydev Unadkat,RR,SRH,,,,BALL,,,29
27,,Rohit Sharma,MI,DC,,,,BAT,,,3
27,,De Kock,MI,DC,,,,WK,,,75
27,,S.Yadav,MI,DC,,,,BAT,,,79
27,,Ishan Kishan,MI,DC,,,,WK,,,38
27,,Hardik Pandya,MI,DC,,,,ALL,,,2
27,,Kieron Pollard,MI,DC,,,,ALL,,,16
27,,Krunal Pandya,MI,DC,,,,ALL,,,76
27,,Pattinson,MI,DC,,,,BALL,,,-2
27,,Rahul Chahar,MI,DC,,,,BALL,,,10
27,,Boult,MI,DC,,,,BALL,,,35
27,,Bumrah,MI,DC,,,,BALL,,,4
27,,P.Shaw,DC,MI,,,,BAT,,,17
27,,Shikhar Dhawan,DC,MI,,,,BAT,,,89
27,,A Rahane,DC,MI,,,,BAT,,,22
27,,Shreyas Iyer,DC,MI,,,,BAT,,,59
27,,Alex Carey,DC,MI,,,,WK,,,26
27,,Marcus Stoinis,DC,MI,,,,ALL,,,38
27,,Ashwin,DC,MI,,,,BALL,,,29
27,,Axar Patel,DC,MI,,,,ALL,,,37
27,,Rabada,DC,MI,,,,BALL,,,62
27,,Nortje,DC,MI,,,,BALL,,,4
27,,H Patel,DC,MI,,,,BALL,,,2
28,,Devdutt Padikkal,RCB,KKR,,,,BAT,,,50
28,,Aaron Finch,RCB,KKR,,,,BAT,,,57
28,,Virat Kohli,RCB,KKR,,,,BAT,,,38
28,,AB de Villiers,RCB,KKR,,,,WK,,,108
28,,Shivam Dube,RCB,KKR,,,,ALL,,,4
28,,W Sundar,RCB,KKR,,,,ALL,,,56
28,,Chris Morris,RCB,KKR,,,,ALL,,,66
28,,Mohammed Siraj,RCB,KKR,,,,BALL,,,37
28,,Navdeep Saini,RCB,KKR,,,,BALL,,,31
28,,Isuru Udana,RCB,KKR,,,,BALL,,,41
28,,Y Chahal,RCB,KKR,,,,BALL,,,35
28,,Shubman Gill,KKR,RCB,,,,BAT,,,43
28,,Tom Banton,KKR,RCB,,,,BAT,,,10
28,,Nitish Rana,KKR,RCB,,,,ALL,,,12
28,,Eoin Morgan,KKR,RCB,,,,BAT,,,11
28,,Dinesh Karthik,KKR,RCB,,,,WK,,,5
28,,Andre Russell,KKR,RCB,,,,ALL,,,43
28,,Rahul Tripathi,KKR,RCB,,,,BAT,,,21
28,,Pat Cummins,KKR,RCB,,,,BALL,,,3
28,,Kamlesh Nagarkoti,KKR,RCB,,,,BALL,,,6
28,,Varun Chakravarthy,KKR,RCB,,,,BALL,,,11
28,,Prasidh Krishna,KKR,RCB,,,,BALL,,,27
29,,Watson,CSK,SRH,,,,BAT,,,53
29,,Du Plesis,CSK,SRH,,,,BAT,,,2
29,,Rayudu,CSK,SRH,,,,BAT,,,52
29,,MS Dhoni,CSK,SRH,,,,WK,,,29
29,,Sam Curran,CSK,SRH,,,,ALL,,,77
29,,Jadeja,CSK,SRH,,,,ALL,,,75
29,,D Bravo,CSK,SRH,,,,ALL,,,72
29,,Deepak Chahar,CSK,SRH,,,,BALL,,,6
29,,Piyush Chawla,CSK,SRH,,,,BALL,,,4
29,,S Thakur,CSK,SRH,,,,BALL,,,39
29,,Karn Sharma,CSK,SRH,,,,BALL,,,52
29,,Warner,SRH,CSK,,,,BAT,,,19
29,,Bairstow,SRH,CSK,,,,WK,,,37
29,,Manish Pandey,SRH,CSK,,,,BAT,,,17
29,,Kane Williamson,SRH,CSK,,,,BAT,,,84
29,,Vijay Shankar,SRH,CSK,,,,ALL,,,18
29,,Shahbaz Nadeem,SRH,CSK,,,,BALL,,,10
29,,Priyam Garg,SRH,CSK,,,,BAT,,,21
29,,Rashid Khan,SRH,CSK,,,,BALL,,,21
29,,Khaleel Ahmed,SRH,CSK,,,,BALL,,,48
29,,Natarajan,SRH,CSK,,,,BALL,,,50
29,,Sandeep Sharma,SRH,CSK,,,,BALL,,,59
30,,P.Shaw,DC,RR,,,,BAT,,,2
30,,Shikhar Dhawan,DC,RR,,,,BAT,,,79
30,,A Rahane,DC,RR,,,,BAT,,,14
30,,Shreyas Iyer,DC,RR,,,,BAT,,,72
30,,Alex Carey,DC,RR,,,,WK,,,20
30,,Marcus Stoinis,DC,RR,,,,ALL,,,23
30,,Ashwin,DC,RR,,,,BALL,,,41
30,,Axar Patel,DC,RR,,,,ALL,,,49
30,,Rabada,DC,RR,,,,BALL,,,29
30,,Nortje,DC,RR,,,,BALL,,,54
30,,T Deshpande,DC,RR,,,,BALL,,,52
30,,Jos Butler,RR,DC,,,,WK,,,31
30,,Steve Smith,RR,DC,,,,BAT,,,5
30,,Sanju Samson,RR,DC,,,,WK,,,33
30,,Robin Uthappa,RR,DC,,,,BAT,,,49
30,,Rahul Tewatia,RR,DC,,,,ALL,,,27
30,,Riyag Parag,RR,DC,,,,ALL,,,5
30,,Ben Stokes,RR,DC,,,,ALL,,,45
30,,Jofra Archer,RR,DC,,,,BALL,,,100
30,,Shreyas Gopal,RR,DC,,,,BALL,,,36
30,,K Tyagi,RR,DC,,,,BALL,,,45
30,,Jaydev Unadkat,RR,DC,,,,BALL,,,50
31,,Devdutt Padikkal,RCB,KXIP,,,,BAT,,,31
31,,Aaron Finch,RCB,KXIP,,,,BAT,,,28
31,,Virat Kohli,RCB,KXIP,,,,BAT,,,55
31,,AB de Villiers,RCB,KXIP,,,,WK,,,12
31,,Shivam Dube,RCB,KXIP,,,,ALL,,,31
31,,W Sundar,RCB,KXIP,,,,ALL,,,16
31,,Chris Morris,RCB,KXIP,,,,ALL,,,38
31,,Mohammed Siraj,RCB,KXIP,,,,BALL,,,-2
31,,Navdeep Saini,RCB,KXIP,,,,BALL,,,6
31,,Isuru Udana,RCB,KXIP,,,,BALL,,,16
31,,Y Chahal,RCB,KXIP,,,,BALL,,,23
31,,KL Rahul,KXIP,RCB,,,,WK,,,100
31,,Mayank Agarwal,KXIP,RCB,,,,BAT,,,59
31,,Nicolas Pooran,KXIP,RCB,,,,WK,,,20
31,,Chris Gayle,KXIP,RCB,,,,BAT,,,76
31,,Glenn Maxwell,KXIP,RCB,,,,ALL,,,4
31,,Deepak Hooda,KXIP,RCB,,,,BAT,,,12
31,,Chris Jordan,KXIP,RCB,,,,BALL,,,37
31,,Murugan Ashwin,KXIP,RCB,,,,BALL,,,56
31,,Ravi Bishnoi,KXIP,RCB,,,,BALL,,,2
31,,Mohammed Shami,KXIP,RCB,,,,BALL,,,48
31,,Arshdeep Singh,KXIP,RCB,,,,BALL,,,27
32,,Rahul Tripathi,KKR,MI,,,,BAT,,,12
32,,Shubman Gill,KKR,MI,,,,BAT,,,27
32,,Nitish Rana,KKR,MI,,,,BAT,,,10
32,,Dinesh Karthik,KKR,MI,,,,WK,,,17
32,,Eoin Morgan,KKR,MI,,,,BAT,,,49
32,,Andre Russell,KKR,MI,,,,ALL,,,19
32,,Pat Cummins,KKR,MI,,,,BALL,,,72
32,,Varun Chakravarthy,KKR,MI,,,,BALL,,,31
32,,Prasidh Krishna,KKR,MI,,,,BALL,,,-2
32,,Shivam Mavi,KKR,MI,,,,BALL,,,29
32,,Chris Green,KKR,MI,,,,BALL,,,4
32,,Rohit Sharma,MI,KKR,,,,BAT,,,46
32,,De Kock,MI,KKR,,,,WK,,,121
32,,S.Yadav,MI,KKR,,,,BAT,,,23
32,,Ishan Kishan,MI,KKR,,,,WK,,,4
32,,Hardik Pandya,MI,KKR,,,,ALL,,,30
32,,Kieron Pollard,MI,KKR,,,,ALL,,,12
32,,Krunal Pandya,MI,KKR,,,,ALL,,,6
32,,Coulter Nile,MI,KKR,,,,BALL,,,23
32,,Rahul Chahar,MI,KKR,,,,BALL,,,58
32,,Boult,MI,KKR,,,,BALL,,,29
32,,Bumrah,MI,KKR,,,,BALL,,,31
33,,Jos Butler,RR,RCB,,,,WK,,,31
33,,Steve Smith,RR,RCB,,,,BAT,,,77
33,,Sanju Samson,RR,RCB,,,,WK,,,15
33,,Robin Uthappa,RR,RCB,,,,BAT,,,62
33,,Rahul Tewatia,RR,RCB,,,,ALL,,,59
33,,Riyag Parag,RR,RCB,,,,ALL,,,4
33,,Ben Stokes,RR,RCB,,,,ALL,,,29
33,,Jofra Archer,RR,RCB,,,,BALL,,,2
33,,Shreyas Gopal,RR,RCB,,,,BALL,,,29
33,,K Tyagi,RR,RCB,,,,BALL,,,29
33,,Jaydev Unadkat,RR,RCB,,,,BALL,,,-2
33,,Devdutt Padikkal,RCB,RR,,,,BAT,,,41
33,,Aaron Finch,RCB,RR,,,,BAT,,,30
33,,Virat Kohli,RCB,RR,,,,BAT,,,52
33,,AB de Villiers,RCB,RR,,,,WK,,,88
33,,Gurkeerat Singh,RCB,RR,,,,ALL,,,24
33,,W Sundar,RCB,RR,,,,ALL,,,4
33,,Chris Morris,RCB,RR,,,,ALL,,,120
33,,Shahbaz Ahmed,RCB,RR,,,,BAT,,,10
33,,Navdeep Saini,RCB,RR,,,,BALL,,,12
33,,Isuru Udana,RCB,RR,,,,BALL,,,-2
33,,Y Chahal,RCB,RR,,,,BALL,,,54
34,,Watson,CSK,DC,,,,BAT,,,46
34,,Du Plesis,CSK,DC,,,,BAT,,,96
34,,Rayudu,CSK,DC,,,,BAT,,,66
34,,MS Dhoni,CSK,DC,,,,WK,,,7
34,,Sam Curran,CSK,DC,,,,ALL,,,35
34,,Jadeja,CSK,DC,,,,ALL,,,45
34,,D Bravo,CSK,DC,,,,ALL,,,29
34,,Deepak Chahar,CSK,DC,,,,BALL,,,74
34,,Jadhav,CSK,DC,,,,BALL,,,4
34,,S Thakur,CSK,DC,,,,BALL,,,27
34,,Karn Sharma,CSK,DC,,,,BALL,,,-2
34,,P.Shaw,DC,CSK,,,,BAT,,,2
34,,Shikhar Dhawan,DC,CSK,,,,BAT,,,145
34,,A Rahane,DC,CSK,,,,BAT,,,13
34,,Shreyas Iyer,DC,CSK,,,,BAT,,,30
34,,Alex Carey,DC,CSK,,,,WK,,,16
34,,Marcus Stoinis,DC,CSK,,,,ALL,,,33
34,,Ashwin,DC,CSK,,,,BALL,,,2
34,,Axar Patel,DC,CSK,,,,ALL,,,33
34,,Rabada,DC,CSK,,,,BALL,,,37
34,,Nortje,DC,CSK,,,,BALL,,,58
34,,T Deshpande,DC,CSK,,,,BALL,,,27
35,,Rahul Tripathi,KKR,SRH,,,,BAT,,,31
35,,Shubman Gill,KKR,SRH,,,,BAT,,,61
35,,Nitish Rana,KKR,SRH,,,,BAT,,,46
35,,Dinesh Karthik,KKR,SRH,,,,WK,,,39
35,,Eoin Morgan,KKR,SRH,,,,BAT,,,43
35,,Andre Russell,KKR,SRH,,,,ALL,,,16
35,,Pat Cummins,KKR,SRH,,,,BALL,,,29
35,,Varun Chakravarthy,KKR,SRH,,,,BALL,,,29
35,,Kuldeep Yadav,KKR,SRH,,,,BALL,,,6
35,,Shivam Mavi,KKR,SRH,,,,BALL,,,23
35,,Lockie Ferguson,KKR,SRH,,,,BALL,,,85
35,,Warner,SRH,KKR,,,,BAT,,,56
35,,Bairstow,SRH,KKR,,,,WK,,,47
35,,Manish Pandey,SRH,KKR,,,,BAT,,,18
35,,Kane Williamson,SRH,KKR,,,,BAT,,,39
35,,Vijay Shankar,SRH,KKR,,,,ALL,,,44
35,,Abdul Samad,SRH,KKR,,,,ALL,,,31
35,,Priyam Garg,SRH,KKR,,,,BAT,,,24
35,,Rashid Khan,SRH,KKR,,,,BALL,,,30
35,,Basil Thampi,SRH,KKR,,,,BALL,,,23
35,,Natarajan,SRH,KKR,,,,BALL,,,52
35,,Sandeep Sharma,SRH,KKR,,,,BALL,,,4
36,,Rohit Sharma,MI,KXIP,,,,BAT,,,23
36,,De Kock,MI,KXIP,,,,WK,,,80
36,,S.Yadav,MI,KXIP,,,,BAT,,,2
36,,Ishan Kishan,MI,KXIP,,,,WK,,,12
36,,Krunal Pandya,MI,KXIP,,,,ALL,,,46
36,,Hardik Pandya,MI,KXIP,,,,ALL,,,14
36,,Kieron Pollard,MI,KXIP,,,,ALL,,,47
36,,Coulter Nile,MI,KXIP,,,,BALL,,,40
36,,Rahul Chahar,MI,KXIP,,,,BALL,,,54
36,,Boult,MI,KXIP,,,,BALL,,,6
36,,Bumrah,MI,KXIP,,,,BALL,,,81
36,,KL Rahul,KXIP,MI,,,,WK,,,102
36,,Mayank Agarwal,KXIP,MI,,,,BAT,,,24
36,,Chris Gayle,KXIP,MI,,,,BAT,,,33
36,,Nicolas Pooran,KXIP,MI,,,,WK,,,42
36,,Glenn Maxwell,KXIP,MI,,,,ALL,,,4
36,,Deepak Hooda,KXIP,MI,,,,ALL,,,38
36,,Chris Jordan,KXIP,MI,,,,BALL,,,40
36,,Mohammed Shami,KXIP,MI,,,,BALL,,,54
36,,Murugan Ashwin,KXIP,MI,,,,BALL,,,18
36,,Ravi Bishnoi,KXIP,MI,,,,BALL,,,31
36,,Arshdeep Singh,KXIP,MI,,,,BALL,,,48
37,,Watson,CSK,RR,,,,BAT,,,14
37,,Du Plesis,CSK,RR,,,,BAT,,,15
37,,Rayudu,CSK,RR,,,,BAT,,,17
37,,MS Dhoni,CSK,RR,,,,WK,,,50
37,,Sam Curran,CSK,RR,,,,ALL,,,29
37,,Jadeja,CSK,RR,,,,ALL,,,43
37,,Josh Hazlewood,CSK,RR,,,,BALL,,,33
37,,Deepak Chahar,CSK,RR,,,,BALL,,,66
37,,Jadhav,CSK,RR,,,,BALL,,,8
37,,S Thakur,CSK,RR,,,,BALL,,,4
37,,Piyush Chawla,CSK,RR,,,,BALL,,,0
37,,Jos Butler,RR,CSK,,,,WK,,,109
37,,Steve Smith,RR,CSK,,,,BAT,,,32
37,,Sanju Samson,RR,CSK,,,,WK,,,16
37,,Robin Uthappa,RR,CSK,,,,BAT,,,8
37,,Rahul Tewatia,RR,CSK,,,,ALL,,,41
37,,Riyag Parag,RR,CSK,,,,ALL,,,4
37,,Ben Stokes,RR,CSK,,,,ALL,,,24
37,,Jofra Archer,RR,CSK,,,,BALL,,,37
37,,Shreyas Gopal,RR,CSK,,,,BALL,,,35
37,,K Tyagi,RR,CSK,,,,BALL,,,29
37,,Ankit Rajpoot,RR,CSK,,,,BALL,,,4
38,,P.Shaw,DC,KXIP,,,,BAT,,,10
38,,Shikhar Dhawan,DC,KXIP,,,,BAT,,,144
38,,Hetmeyer,DC,KXIP,,,,BAT,,,16
38,,Shreyas Iyer,DC,KXIP,,,,BAT,,,20
38,,Rishabh Pant,DC,KXIP,,,,WK,,,39
38,,Marcus Stoinis,DC,KXIP,,,,ALL,,,13
38,,Ashwin,DC,KXIP,,,,BALL,,,35
38,,Axar Patel,DC,KXIP,,,,ALL,,,29
38,,Rabada,DC,KXIP,,,,BALL,,,54
38,,Daniel Sams,DC,KXIP,,,,BALL,,,12
38,,T Deshpande,DC,KXIP,,,,BALL,,,-2
38,,KL Rahul,KXIP,DC,,,,WK,,,30
38,,Mayank Agarwal,KXIP,DC,,,,BAT,,,25
38,,Chris Gayle,KXIP,DC,,,,BAT,,,40
38,,Nicolas Pooran,KXIP,DC,,,,WK,,,77
38,,Glenn Maxwell,KXIP,DC,,,,ALL,,,72
38,,Deepak Hooda,KXIP,DC,,,,BAT,,,18
38,,James Neesham,KXIP,DC,,,,ALL,,,41
38,,Murugan Ashwin,KXIP,DC,,,,BALL,,,29
38,,Ravi Bishnoi,KXIP,DC,,,,BALL,,,4
38,,Mohammed Shami,KXIP,DC,,,,BALL,,,54
38,,Arshdeep Singh,KXIP,DC,,,,BALL,,,2
39,,Rahul Tripathi,KKR,RCB,,,,BAT,,,5
39,,Shubman Gill,KKR,RCB,,,,BAT,,,5
39,,Nitish Rana,KKR,RCB,,,,BAT,,,2
39,,Dinesh Karthik,KKR,RCB,,,,WK,,,10
39,,Eoin Morgan,KKR,RCB,,,,BAT,,,39
39,,Tom Banton,KKR,RCB,,,,ALL,,,17
39,,Pat Cummins,KKR,RCB,,,,BALL,,,22
39,,Varun Chakravarthy,KKR,RCB,,,,BALL,,,4
39,,Kuldeep Yadav,KKR,RCB,,,,BALL,,,17
39,,Prasidh Krishna,KKR,RCB,,,,BALL,,,4
39,,Lockie Ferguson,KKR,RCB,,,,BALL,,,53
39,,Devdutt Padikkal,RCB,KKR,,,,BAT,,,40
39,,Aaron Finch,RCB,KKR,,,,BAT,,,22
39,,Virat Kohli,RCB,KKR,,,,BAT,,,24
39,,AB de Villiers,RCB,KKR,,,,WK,,,20
39,,Gurkeerat Singh,RCB,KKR,,,,ALL,,,43
39,,W Sundar,RCB,KKR,,,,ALL,,,43
39,,Chris Morris,RCB,KKR,,,,ALL,,,30
39,,Mohammed Siraj,RCB,KKR,,,,BAT,,,101
39,,Navdeep Saini,RCB,KKR,,,,BALL,,,29
39,,Isuru Udana,RCB,KKR,,,,BALL,,,4
39,,Y Chahal,RCB,KKR,,,,BALL,,,60
40,,Robin Uthappa,RR,SRH,,,,BAT,,,27
40,,Ben Stokes,RR,SRH,,,,ALL,,,38
40,,Sanju Samson,RR,SRH,,,,WK,,,45
40,,Jos Butler,RR,SRH,,,,WK,,,13
40,,Steve Smith,RR,SRH,,,,BAT,,,25
40,,Riyag Parag,RR,SRH,,,,ALL,,,28
40,,Rahul Tewatia,RR,SRH,,,,ALL,,,6
40,,Jofra Archer,RR,SRH,,,,BALL,,,75
40,,Shreyas Gopal,RR,SRH,,,,BALL,,,4
40,,Ankit Rajpoot,RR,SRH,,,,BALL,,,4
40,,K Tyagi,RR,SRH,,,,BALL,,,-2
40,,Warner,SRH,RR,,,,BAT,,,17
40,,Bairstow,SRH,RR,,,,WK,,,17
40,,Manish Pandey,SRH,RR,,,,BAT,,,123
40,,Jason Holder,SRH,RR,,,,ALL,,,91
40,,Vijay Shankar,SRH,RR,,,,ALL,,,97
40,,Abdul Samad,SRH,RR,,,,ALL,,,4
40,,Priyam Garg,SRH,RR,,,,BAT,,,4
40,,Rashid Khan,SRH,RR,,,,BALL,,,31
40,,Shahbaz Nadeem,SRH,RR,,,,BALL,,,12
40,,Natarajan,SRH,RR,,,,BALL,,,-2
40,,Sandeep Sharma,SRH,RR,,,,BALL,,,4
41,,Rituraj Gaikwad,CSK,MI,,,,BAT,,,2
41,,Du Plesis,CSK,MI,,,,BAT,,,5
41,,Rayudu,CSK,MI,,,,BAT,,,6
41,,MS Dhoni,CSK,MI,,,,WK,,,24
41,,Sam Curran,CSK,MI,,,,ALL,,,72
41,,Jadeja,CSK,MI,,,,ALL,,,12
41,,Josh Hazlewood,CSK,MI,,,,BALL,,,4
41,,Deepak Chahar,CSK,MI,,,,BALL,,,4
41,,Imran Tahir,CSK,MI,,,,BALL,,,19
41,,S Thakur,CSK,MI,,,,BALL,,,9
41,,Jagadeesan,CSK,MI,,,,BAT,,,2
41,,De Kock,MI,CSK,,,,WK,,,95
41,,S.Yadav,MI,CSK,,,,BAT,,,20
41,,Ishan Kishan,MI,CSK,,,,WK,,,96
41,,Krunal Pandya,MI,CSK,,,,ALL,,,14
41,,Hardik Pandya,MI,CSK,,,,ALL,,,4
41,,Kieron Pollard,MI,CSK,,,,ALL,,,4
41,,Coulter Nile,MI,CSK,,,,BALL,,,29
41,,Rahul Chahar,MI,CSK,,,,BALL,,,56
41,,Boult,MI,CSK,,,,BALL,,,124
41,,Bumrah,MI,CSK,,,,BALL,,,54
41,,Saurabh Tiwary,MI,CSK,,,,BAT,,,4
42,,Rahul Tripathi,KKR,DC,,,,BAT,,,42
42,,Shubman Gill,KKR,DC,,,,BAT,,,23
42,,Nitish Rana,KKR,DC,,,,BAT,,,108
42,,Dinesh Karthik,KKR,DC,,,,WK,,,7
42,,Eoin Morgan,KKR,DC,,,,BAT,,,33
42,,Sunil Narine,KKR,DC,,,,ALL,,,88
42,,Pat Cummins,KKR,DC,,,,BALL,,,83
42,,Varun Chakravarthy,KKR,DC,,,,BALL,,,147
42,,Kamlesh Nagarkoti,KKR,DC,,,,BALL,,,14
42,,Prasidh Krishna,KKR,DC,,,,BALL,,,2
42,,Lockie Ferguson,KKR,DC,,,,BALL,,,29
42,,A Rahane,DC,KKR,,,,BAT,,,10
42,,Shikhar Dhawan,DC,KKR,,,,BAT,,,11
42,,Hetmeyer,DC,KKR,,,,BAT,,,16
42,,Shreyas Iyer,DC,KKR,,,,BAT,,,56
42,,Rishabh Pant,DC,KKR,,,,WK,,,43
42,,Marcus Stoinis,DC,KKR,,,,ALL,,,56
42,,Ashwin,DC,KKR,,,,BALL,,,14
42,,Axar Patel,DC,KKR,,,,ALL,,,23
42,,Rabada,DC,KKR,,,,BALL,,,72
42,,Nortje,DC,KKR,,,,BALL,,,54
42,,T Deshpande,DC,KKR,,,,BALL,,,11
43,,KL Rahul,KXIP,SRH,,,,WK,,,51
43,,Mandeep Singh,KXIP,SRH,,,,BAT,,,30
43,,Chris Gayle,KXIP,SRH,,,,BAT,,,28
43,,Nicolas Pooran,KXIP,SRH,,,,WK,,,46
43,,Glenn Maxwell,KXIP,SRH,,,,ALL,,,16
43,,Deepak Hooda,KXIP,SRH,,,,BAT,,,2
43,,Chris Jordan,KXIP,SRH,,,,ALL,,,106
43,,Murugan Ashwin,KXIP,SRH,,,,BALL,,,41
43,,Ravi Bishnoi,KXIP,SRH,,,,BALL,,,47
43,,Mohammed Shami,KXIP,SRH,,,,BALL,,,29
43,,Arshdeep Singh,KXIP,SRH,,,,BALL,,,81
43,,Warner,SRH,KXIP,,,,BAT,,,62
43,,Bairstow,SRH,KXIP,,,,WK,,,39
43,,Manish Pandey,SRH,KXIP,,,,BAT,,,15
43,,Jason Holder,SRH,KXIP,,,,ALL,,,59
43,,Vijay Shankar,SRH,KXIP,,,,ALL,,,46
43,,Abdul Samad,SRH,KXIP,,,,ALL,,,12
43,,Priyam Garg,SRH,KXIP,,,,BAT,,,7
43,,Rashid Khan,SRH,KXIP,,,,BALL,,,68
43,,Sandeep Sharma,SRH,KXIP,,,,BALL,,,54
43,,Natarajan,SRH,KXIP,,,,BALL,,,6
43,,Khaleel Ahmed,SRH,KXIP,,,,BALL,,,12
44,,Devdutt Padikkal,RCB,CSK,,,,BAT,,,30
44,,Aaron Finch,RCB,CSK,,,,BAT,,,22
44,,Virat Kohli,RCB,CSK,,,,BAT,,,65
44,,AB de Villiers,RCB,CSK,,,,WK,,,47
44,,Gurkeerat Singh,RCB,CSK,,,,ALL,,,6
44,,W Sundar,RCB,CSK,,,,ALL,,,10
44,,Chris Morris,RCB,CSK,,,,ALL,,,29
44,,Mohammed Siraj,RCB,CSK,,,,BAT,,,6
44,,Navdeep Saini,RCB,CSK,,,,BALL,,,4
44,,Moeen Ali,RCB,CSK,,,,BALL,,,5
44,,Y Chahal,RCB,CSK,,,,BALL,,,31
44,,Rituraj Gaikwad,CSK,RCB,,,,BAT,,,103
44,,Du Plesis,CSK,RCB,,,,BAT,,,51
44,,Rayudu,CSK,RCB,,,,BAT,,,50
44,,MS Dhoni,CSK,RCB,,,,WK,,,26
44,,Sam Curran,CSK,RCB,,,,ALL,,,79
44,,Jadeja,CSK,RCB,,,,ALL,,,4
44,,Mitchell Santner,CSK,RCB,,,,BALL,,,39
44,,Deepak Chahar,CSK,RCB,,,,BALL,,,54
44,,Imran Tahir,CSK,RCB,,,,BALL,,,4
44,,Monu Kumar,CSK,RCB,,,,BALL,,,2
44,,Jagadeesan,CSK,RCB,,,,BAT,,,4
45,,De Kock,MI,RR,,,,WK,,,12
45,,S.Yadav,MI,RR,,,,BAT,,,50
45,,Ishan Kishan,MI,RR,,,,WK,,,47
45,,Krunal Pandya,MI,RR,,,,ALL,,,5
45,,Hardik Pandya,MI,RR,,,,ALL,,,88
45,,Kieron Pollard,MI,RR,,,,ALL,,,18
45,,Pattinson,MI,RR,,,,BALL,,,48
45,,Rahul Chahar,MI,RR,,,,BALL,,,-2
45,,Boult,MI,RR,,,,BALL,,,2
45,,Bumrah,MI,RR,,,,BALL,,,2
45,,Saurabh Tiwary,MI,RR,,,,BAT,,,44
45,,Ben Stokes,RR,MI,,,,ALL,,,163
45,,Robin Uthappa,RR,MI,,,,BAT,,,19
45,,Steve Smith,RR,MI,,,,BAT,,,18
45,,Sanju Samson,RR,MI,,,,WK,,,76
45,,Jos Butler,RR,MI,,,,WK,,,4
45,,Riyag Parag,RR,MI,,,,ALL,,,4
45,,Rahul Tewatia,RR,MI,,,,ALL,,,4
45,,Jofra Archer,RR,MI,,,,BALL,,,62
45,,Shreyas Gopal,RR,MI,,,,BALL,,,54
45,,Ankit Rajpoot,RR,MI,,,,BALL,,,-2
45,,K Tyagi,RR,MI,,,,BALL,,,23
46,,Rahul Tripathi,KKR,KXIP,,,,BAT,,,13
46,,Shubman Gill,KKR,KXIP,,,,BAT,,,80
46,,Nitish Rana,KKR,KXIP,,,,BAT,,,2
46,,Dinesh Karthik,KKR,KXIP,,,,WK,,,2
46,,Eoin Morgan,KKR,KXIP,,,,BAT,,,53
46,,Sunil Narine,KKR,KXIP,,,,ALL,,,11
46,,Pat Cummins,KKR,KXIP,,,,BALL,,,5
46,,Varun Chakravarthy,KKR,KXIP,,,,BALL,,,31
46,,Kamlesh Nagarkoti,KKR,KXIP,,,,BALL,,,10
46,,Prasidh Krishna,KKR,KXIP,,,,BALL,,,12
46,,Lockie Ferguson,KKR,KXIP,,,,BALL,,,58
46,,KL Rahul,KXIP,KKR,,,,WK,,,52
46,,Mandeep Singh,KXIP,KKR,,,,BAT,,,90
46,,Chris Gayle,KXIP,KKR,,,,BAT,,,83
46,,Nicolas Pooran,KXIP,KKR,,,,WK,,,14
46,,Glenn Maxwell,KXIP,KKR,,,,ALL,,,25
46,,Deepak Hooda,KXIP,KKR,,,,BAT,,,4
46,,Chris Jordan,KXIP,KKR,,,,ALL,,,54
46,,Murugan Ashwin,KXIP,KKR,,,,BALL,,,37
46,,Ravi Bishnoi,KXIP,KKR,,,,BALL,,,64
46,,Mohammed Shami,KXIP,KKR,,,,BALL,,,79
46,,Arshdeep Singh,KXIP,KKR,,,,BALL,,,2
47,,Warner,SRH,DC,,,,BAT,,,106
47,,W Saha,SRH,DC,,,,WK,,,115
47,,Manish Pandey,SRH,DC,,,,BAT,,,54
47,,Kane Williamson,SRH,DC,,,,BAT,,,24
47,,Jason Holder,SRH,DC,,,,ALL,,,23
47,,Vijay Shankar,SRH,DC,,,,ALL,,,29
47,,Abdul Samad,SRH,DC,,,,ALL,,,12
47,,Shahbaz Nadeem,SRH,DC,,,,BAT,,,29
47,,Rashid Khan,SRH,DC,,,,BALL,,,85
47,,Sandeep Sharma,SRH,DC,,,,BALL,,,54
47,,Natarajan,SRH,DC,,,,BALL,,,54
47,,A Rahane,DC,KKR,,,,BAT,,,35
47,,Shikhar Dhawan,DC,KKR,,,,BAT,,,2
47,,Hetmeyer,DC,KKR,,,,BAT,,,23
47,,Shreyas Iyer,DC,KKR,,,,BAT,,,15
47,,Rishabh Pant,DC,KKR,,,,WK,,,45
47,,Marcus Stoinis,DC,KKR,,,,ALL,,,10
47,,Ashwin,DC,KKR,,,,BALL,,,31
47,,Axar Patel,DC,KKR,,,,ALL,,,11
47,,Rabada,DC,KKR,,,,BALL,,,1
47,,Nortje,DC,KKR,,,,BALL,,,28
47,,T Deshpande,DC,KKR,,,,BALL,,,22
48,,Devdutt Padikkal,RCB,MI,,,,BAT,,,108
48,,Josh Phillipe,RCB,MI,,,,WK,,,43
48,,Virat Kohli,RCB,MI,,,,BAT,,,11
48,,AB de Villiers,RCB,MI,,,,WK,,,22
48,,Gurkeerat Singh,RCB,MI,,,,ALL,,,28
48,,W Sundar,RCB,MI,,,,ALL,,,17
48,,Chris Morris,RCB,MI,,,,ALL,,,48
48,,Mohammed Siraj,RCB,MI,,,,BAT,,,62
48,,Shivam Dube,RCB,MI,,,,BALL,,,6
48,,Dale Steyn,RCB,MI,,,,BALL,,,0
48,,Y Chahal,RCB,MI,,,,BALL,,,52
48,,De Kock,MI,RCB,,,,WK,,,36
48,,S.Yadav,MI,RCB,,,,BAT,,,115
48,,Ishan Kishan,MI,RCB,,,,WK,,,34
48,,Krunal Pandya,MI,RCB,,,,ALL,,,15
48,,Hardik Pandya,MI,RCB,,,,ALL,,,25
48,,Kieron Pollard,MI,RCB,,,,ALL,,,34
48,,Pattinson,MI,RCB,,,,BALL,,,6
48,,Rahul Chahar,MI,RCB,,,,BALL,,,33
48,,Boult,MI,RCB,,,,BALL,,,35
48,,Bumrah,MI,RCB,,,,BALL,,,93
48,,Saurabh Tiwary,MI,RCB,,,,BAT,,,17
49,,Rahul Tripathi,KKR,CSK,,,,BAT,,,7
49,,Shubman Gill,KKR,CSK,,,,BAT,,,34
49,,Nitish Rana,KKR,CSK,,,,BAT,,,117
49,,Dinesh Karthik,KKR,CSK,,,,WK,,,28
49,,Eoin Morgan,KKR,CSK,,,,BAT,,,21
49,,Sunil Narine,KKR,CSK,,,,ALL,,,23
49,,Pat Cummins,KKR,CSK,,,,BALL,,,54
49,,Varun Chakravarthy,KKR,CSK,,,,BALL,,,56
49,,Kamlesh Nagarkoti,KKR,CSK,,,,BALL,,,-2
49,,Rinku Singh,KKR,CSK,,,,BAT,,,24
49,,Lockie Ferguson,KKR,CSK,,,,BALL,,,-2
49,,Rituraj Gaikwad,CSK,KKR,,,,BAT,,,102
49,,Watson,CSK,KKR,,,,BAT,,,21
49,,Rayudu,CSK,KKR,,,,BAT,,,57
49,,MS Dhoni,CSK,KKR,,,,WK,,,5
49,,Sam Curran,CSK,KKR,,,,ALL,,,26
49,,Jadeja,CSK,KKR,,,,ALL,,,76
49,,Mitchell Santner,CSK,KKR,,,,BALL,,,27
49,,Deepak Chahar,CSK,KKR,,,,BALL,,,0
49,,Karn Sharma,CSK,KKR,,,,BALL,,,29
49,,Ngidi,CSK,KKR,,,,BALL,,,54
49,,Jagadeesan,CSK,KKR,,,,BAT,,,4
50,,KL Rahul,KXIP,RR,,,,WK,,,57
50,,Mandeep Singh,KXIP,RR,,,,BAT,,,2
50,,Chris Gayle,KXIP,RR,,,,BAT,,,133
50,,Nicolas Pooran,KXIP,RR,,,,WK,,,40
50,,Glenn Maxwell,KXIP,RR,,,,ALL,,,11
50,,Deepak Hooda,KXIP,RR,,,,BAT,,,13
50,,Chris Jordan,KXIP,RR,,,,ALL,,,23
50,,Murugan Ashwin,KXIP,RR,,,,BALL,,,25
50,,Ravi Bishnoi,KXIP,RR,,,,BALL,,,4
50,,Mohammed Shami,KXIP,RR,,,,BALL,,,-2
50,,Arshdeep Singh,KXIP,RR,,,,BALL,,,-2
50,,Ben Stokes,RR,KXIP,,,,ALL,,,132
50,,Robin Uthappa,RR,KXIP,,,,BAT,,,39
50,,Steve Smith,RR,KXIP,,,,BAT,,,40
50,,Sanju Samson,RR,KXIP,,,,WK,,,62
50,,Jos Butler,RR,KXIP,,,,WK,,,31
50,,Riyag Parag,RR,KXIP,,,,ALL,,,4
50,,Rahul Tewatia,RR,KXIP,,,,ALL,,,20
50,,Jofra Archer,RR,KXIP,,,,BALL,,,54
50,,Shreyas Gopal,RR,KXIP,,,,BALL,,,4
50,,Varun Aaron,RR,KXIP,,,,BALL,,,-2
50,,K Tyagi,RR,KXIP,,,,BALL,,,-2
51,,P.Shaw,DC,MI,,,,BAT,,,16
51,,Shikhar Dhawan,DC,MI,,,,BAT,,,2
51,,Hetmeyer,DC,MI,,,,BAT,,,16
51,,Shreyas Iyer,DC,MI,,,,BAT,,,32
51,,Rishabh Pant,DC,MI,,,,WK,,,27
51,,Marcus Stoinis,DC,MI,,,,ALL,,,6
51,,Ashwin,DC,MI,,,,BALL,,,22
51,,H Patel,DC,MI,,,,BALL,,,10
51,,Rabada,DC,MI,,,,BALL,,,16
51,,Nortje,DC,MI,,,,BALL,,,25
51,,Praveen Dubey,DC,MI,,,,BALL,,,9
51,,De Kock,MI,DC,,,,WK,,,60
51,,S.Yadav,MI,DC,,,,BAT,,,25
51,,Ishan Kishan,MI,DC,,,,WK,,,98
51,,Krunal Pandya,MI,DC,,,,ALL,,,24
51,,J Yadav,MI,DC,,,,BALL,,,6
51,,Kieron Pollard,MI,DC,,,,ALL,,,4
51,,Coulter Nile,MI,DC,,,,BALL,,,29
51,,Rahul Chahar,MI,DC,,,,BALL,,,31
51,,Boult,MI,DC,,,,BALL,,,81
51,,Bumrah,MI,DC,,,,BALL,,,95
51,,Saurabh Tiwary,MI,DC,,,,BAT,,,4
52,,Devdutt Padikkal,RCB,SRH,,,,BAT,,,10
52,,Josh Phillipe,RCB,SRH,,,,WK,,,40
52,,Virat Kohli,RCB,SRH,,,,BAT,,,19
52,,AB de Villiers,RCB,SRH,,,,WK,,,43
52,,Gurkeerat Singh,RCB,SRH,,,,ALL,,,26
52,,W Sundar,RCB,SRH,,,,ALL,,,52
52,,Chris Morris,RCB,SRH,,,,ALL,,,13
52,,Mohammed Siraj,RCB,SRH,,,,BAT,,,6
52,,Navdeep Saini,RCB,SRH,,,,BALL,,,23
52,,Isuru Udana,RCB,SRH,,,,BALL,,,37
52,,Y Chahal,RCB,SRH,,,,BALL,,,56
52,,Warner,SRH,RCB,,,,BAT,,,22
52,,W Saha,SRH,RCB,,,,WK,,,49
52,,Manish Pandey,SRH,RCB,,,,BAT,,,43
52,,Kane Williamson,SRH,RCB,,,,BAT,,,24
52,,Jason Holder,SRH,RCB,,,,ALL,,,87
52,,Abhishek Sharma,SRH,RCB,,,,ALL,,,22
52,,Abdul Samad,SRH,RCB,,,,ALL,,,4
52,,Shahbaz Nadeem,SRH,RCB,,,,BAT,,,29
52,,Rashid Khan,SRH,RCB,,,,BALL,,,31
52,,Sandeep Sharma,SRH,RCB,,,,BALL,,,56
52,,Natarajan,SRH,RCB,,,,BALL,,,43
53,,KL Rahul,KXIP,CSK,,,,WK,,,46
53,,Mandeep Singh,KXIP,CSK,,,,BAT,,,19
53,,Chris Gayle,KXIP,CSK,,,,BAT,,,14
53,,Nicolas Pooran,KXIP,CSK,,,,WK,,,6
53,,James Neesham,KXIP,CSK,,,,ALL,,,6
53,,Deepak Hooda,KXIP,CSK,,,,BAT,,,85
53,,Chris Jordan,KXIP,CSK,,,,ALL,,,29
53,,Murugan Ashwin,KXIP,CSK,,,,BALL,,,8
53,,Ravi Bishnoi,KXIP,CSK,,,,BALL,,,2
53,,Mohammed Shami,KXIP,CSK,,,,BALL,,,4
53,,Mayank Agarwal,KXIP,CSK,,,,BAT,,,35
53,,Rituraj Gaikwad,CSK,KXIP,,,,BAT,,,90
53,,Du Plesis,CSK,KXIP,,,,BAT,,,60
53,,Rayudu,CSK,KXIP,,,,BAT,,,36
53,,MS Dhoni,CSK,KXIP,,,,WK,,,12
53,,Sam Curran,CSK,KXIP,,,,ALL,,,4
53,,Jadeja,CSK,KXIP,,,,ALL,,,31
53,,Imran Tahir,CSK,KXIP,,,,BALL,,,31
53,,Deepak Chahar,CSK,KXIP,,,,BALL,,,2
53,,S Thakur,CSK,KXIP,,,,BALL,,,29
53,,Ngidi,CSK,KXIP,,,,BALL,,,77
53,,Jagadeesan,CSK,KXIP,,,,BAT,,,4
54,,Ben Stokes,RR,KKR,,,,ALL,,,28
54,,Robin Uthappa,RR,KKR,,,,BAT,,,20
54,,Steve Smith,RR,KKR,,,,BAT,,,17
54,,Sanju Samson,RR,KKR,,,,WK,,,21
54,,Jos Butler,RR,KKR,,,,WK,,,53
54,,Riyag Parag,RR,KKR,,,,ALL,,,2
54,,Rahul Tewatia,RR,KKR,,,,ALL,,,114
54,,Jofra Archer,RR,KKR,,,,BALL,,,39
54,,Shreyas Gopal,RR,KKR,,,,BALL,,,48
54,,Varun Aaron,RR,KKR,,,,BALL,,,0
54,,K Tyagi,RR,KKR,,,,BALL,,,54
54,,Rahul Tripathi,KKR,RR,,,,BAT,,,51
54,,Shubman Gill,KKR,RR,,,,BAT,,,46
54,,Nitish Rana,KKR,RR,,,,BAT,,,2
54,,Dinesh Karthik,KKR,RR,,,,WK,,,34
54,,Eoin Morgan,KKR,RR,,,,BAT,,,97
54,,Sunil Narine,KKR,RR,,,,ALL,,,0
54,,Pat Cummins,KKR,RR,,,,BALL,,,137
54,,Varun Chakravarthy,KKR,RR,,,,BALL,,,56
54,,Kamlesh Nagarkoti,KKR,RR,,,,BALL,,,40
54,,Shivam Mavi,KKR,RR,,,,BALL,,,84
54,,Andre Russell,KKR,RR,,,,ALL,,,36
55,,Devdutt Padikkal,RCB,DC,,,,BAT,,,67
55,,Josh Phillipe,RCB,DC,,,,WK,,,17
55,,Virat Kohli,RCB,DC,,,,BAT,,,37
55,,AB de Villiers,RCB,DC,,,,WK,,,44
55,,Shivam Dube,RCB,DC,,,,ALL,,,41
55,,W Sundar,RCB,DC,,,,ALL,,,31
55,,Chris Morris,RCB,DC,,,,ALL,,,0
55,,Mohammed Siraj,RCB,DC,,,,BAT,,,35
55,,Shahbaz Ahmed,RCB,DC,,,,ALL,,,55
55,,Isuru Udana,RCB,DC,,,,BALL,,,3
55,,Y Chahal,RCB,DC,,,,BALL,,,4
55,,P.Shaw,DC,RCB,,,,BAT,,,23
55,,Shikhar Dhawan,DC,RCB,,,,BAT,,,72
55,,Axar Patel,DC,RCB,,,,ALL,,,4
55,,Shreyas Iyer,DC,RCB,,,,BAT,,,19
55,,Rishabh Pant,DC,RCB,,,,WK,,,27
55,,Marcus Stoinis,DC,RCB,,,,ALL,,,24
55,,Ashwin,DC,RCB,,,,BALL,,,33
55,,Daniel Sams,DC,RCB,,,,ALL,,,2
55,,Rabada,DC,RCB,,,,BALL,,,54
55,,Nortje,DC,RCB,,,,BALL,,,79
55,,A Rahane,DC,RCB,,,,BAT,,,93
56,,De Kock,MI,SRH,,,,WK,,,35
56,,S.Yadav,MI,SRH,,,,BAT,,,45
56,,Ishan Kishan,MI,SRH,,,,WK,,,42
56,,Krunal Pandya,MI,SRH,,,,ALL,,,-4
56,,Rohit Sharma,MI,SRH,,,,BAT,,,8
56,,Kieron Pollard,MI,SRH,,,,ALL,,,55
56,,Coulter Nile,MI,SRH,,,,BALL,,,5
56,,Rahul Chahar,MI,SRH,,,,BALL,,,2
56,,Pattinson,MI,SRH,,,,BALL,,,6
56,,D Kulkarni,MI,SRH,,,,BALL,,,7
56,,Saurabh Tiwary,MI,SRH,,,,BAT,,,5
56,,Warner,SRH,MI,,,,BAT,,,117
56,,W Saha,SRH,MI,,,,WK,,,99
56,,Manish Pandey,SRH,MI,,,,BAT,,,4
56,,Kane Williamson,SRH,MI,,,,BAT,,,12
56,,Jason Holder,SRH,MI,,,,ALL,,,54
56,,Priyam Garg,SRH,MI,,,,BAT,,,12
56,,Abdul Samad,SRH,MI,,,,ALL,,,4
56,,Shahbaz Nadeem,SRH,MI,,,,BAT,,,58
56,,Rashid Khan,SRH,MI,,,,BALL,,,29
56,,Sandeep Sharma,SRH,MI,,,,BALL,,,79
56,,Natarajan,SRH,MI,,,,BALL,,,2
57,,De Kock,MI,DC,,,,WK,,,67
57,,S.Yadav,MI,DC,,,,BAT,,,81
57,,Ishan Kishan,MI,DC,,,,WK,,,77
57,,Krunal Pandya,MI,DC,,,,ALL,,,46
57,,Rohit Sharma,MI,DC,,,,BAT,,,10
57,,Kieron Pollard,MI,DC,,,,ALL,,,25
57,,Coulter Nile,MI,DC,,,,BALL,,,4
57,,Rahul Chahar,MI,DC,,,,BALL,,,6
57,,Boult,MI,DC,,,,BALL,,,66
57,,Bumrah,MI,DC,,,,BALL,,,126
57,,Hardik Pandya,MI,DC,,,,ALL,,,51
57,,P.Shaw,DC,MI,,,,BAT,,,2
57,,Shikhar Dhawan,DC,MI,,,,BAT,,,10
57,,Axar Patel,DC,MI,,,,ALL,,,52
57,,Shreyas Iyer,DC,MI,,,,BAT,,,19
57,,Rishabh Pant,DC,MI,,,,WK,,,7
57,,Marcus Stoinis,DC,MI,,,,ALL,,,114
57,,Ashwin,DC,MI,,,,BALL,,,79
57,,Daniel Sams,DC,MI,,,,ALL,,,14
57,,Rabada,DC,MI,,,,BALL,,,25
57,,Nortje,DC,MI,,,,BALL,,,23
57,,A Rahane,DC,MI,,,,BAT,,,2
58,,Devdutt Padikkal,RCB,SRH,,,,BAT,,,5
58,,Aaron Finch,RCB,SRH,,,,WK,,,41
58,,Virat Kohli,RCB,SRH,,,,BAT,,,10
58,,AB de Villiers,RCB,SRH,,,,WK,,,97
58,,Shivam Dube,RCB,SRH,,,,ALL,,,10
58,,W Sundar,RCB,SRH,,,,ALL,,,5
58,,Moeen Ali,RCB,SRH,,,,ALL,,,2
58,,Mohammed Siraj,RCB,SRH,,,,BAT,,,65
58,,Adam Zampa,RCB,SRH,,,,BALL,,,43
58,,Navdeep Saini,RCB,SRH,,,,BALL,,,14
58,,Y Chahal,RCB,SRH,,,,BALL,,,31
58,,Warner,SRH,RCB,,,,BAT,,,32
58,,S Goswami,SRH,RCB,,,,WK,,,10
58,,Manish Pandey,SRH,RCB,,,,BAT,,,33
58,,Kane Williamson,SRH,RCB,,,,BAT,,,68
58,,Jason Holder,SRH,RCB,,,,ALL,,,106
58,,Priyam Garg,SRH,RCB,,,,BAT,,,15
58,,Abdul Samad,SRH,RCB,,,,ALL,,,20
58,,Shahbaz Nadeem,SRH,RCB,,,,BAT,,,29
58,,Rashid Khan,SRH,RCB,,,,BALL,,,18
58,,Sandeep Sharma,SRH,RCB,,,,BALL,,,6
58,,Natarajan,SRH,RCB,,,,BALL,,,54
59,,Marcus Stoinis,DC,SRH,,,,ALL,,,132
59,,Shikhar Dhawan,DC,SRH,,,,BAT,,,100
59,,Shreyas Iyer,DC,SRH,,,,BAT,,,26
59,,Hetmeyer,DC,SRH,,,,BAT,,,52
59,,Rishabh Pant,DC,SRH,,,,WK,,,6
59,,A Rahane,DC,SRH,,,,BAT,,,4
59,,Axar Patel,DC,SRH,,,,BALL,,,37
59,,Rabada,DC,SRH,,,,BALL,,,120
59,,Nortje,DC,SRH,,,,BALL,,,10
59,,Ashwin,DC,SRH,,,,BALL,,,0
59,,Praveen Dubey,DC,SRH,,,,BALL,,,12
59,,S Goswami,SRH,DC,,,,WK,,,2
59,,Warner,SRH,DC,,,,BAT,,,6
59,,Manish Pandey,SRH,DC,,,,BAT,,,36
59,,Kane Williamson,SRH,DC,,,,BAT,,,92
59,,Jason Holder,SRH,DC,,,,ALL,,,35
59,,Priyam Garg,SRH,DC,,,,BAT,,,25
59,,Abdul Samad,SRH,DC,,,,ALL,,,43
59,,Shahbaz Nadeem,SRH,DC,,,,BAT,,,0
59,,Rashid Khan,SRH,DC,,,,BALL,,,43
59,,Sandeep Sharma,SRH,DC,,,,BALL,,,31
59,,Natarajan,SRH,DC,,,,BALL,,,4
60,,Marcus Stoinis,DC,MI,,,,ALL,,,21
60,,Shikhar Dhawan,DC,MI,,,,BAT,,,22
60,,Shreyas Iyer,DC,MI,,,,BAT,,,87
60,,Hetmeyer,DC,MI,,,,BAT,,,10
60,,Rishabh Pant,DC,MI,,,,WK,,,90
60,,A Rahane,DC,MI,,,,BAT,,,14
60,,Axar Patel,DC,MI,,,,BALL,,,18
60,,Rabada,DC,MI,,,,BALL,,,25
60,,Nortje,DC,MI,,,,BALL,,,52
60,,Ashwin,DC,MI,,,,BALL,,,4
60,,Praveen Dubey,DC,MI,,,,BALL,,,8
60,,De Kock,MI,DC,,,,WK,,,45
60,,S.Yadav,MI,DC,,,,BAT,,,32
60,,Ishan Kishan,MI,DC,,,,WK,,,42
60,,Krunal Pandya,MI,DC,,,,ALL,,,3
60,,Rohit Sharma,MI,DC,,,,BAT,,,93
60,,Kieron Pollard,MI,DC,,,,ALL,,,15
60,,Coulter Nile,MI,DC,,,,BALL,,,68
60,,J Yadav,MI,DC,,,,ALL,,,29
60,,Boult,MI,DC,,,,BALL,,,79
60,,Bumrah,MI,DC,,,,BALL,,,4
60,,Hardik Pandya,MI,DC,,,,ALL,,,15
